-- Reset + seed completo 2026
TRUNCATE TABLE public.solicitacoes_monitoramento, public.cargas, public.motoristas, public.veiculos RESTART IDENTITY CASCADE;
INSERT INTO public.motoristas (id,nome,cpf,cnh,telefone) VALUES ('dc8828a4-072d-429b-996c-fe8f34e6b4e3','Juliana Rocha','123.456.789-00','12345678900','(92) 99876-5432');
INSERT INTO public.motoristas (id,nome,cpf,cnh,telefone) VALUES ('a9e878cd-fa1b-4d94-a3c5-5be2013baf51','Carlos Mendes','234.567.890-11','23456789011','(11) 98765-4321');
INSERT INTO public.motoristas (id,nome,cpf,cnh,telefone) VALUES ('c372def2-43d9-4715-9cc7-c486d6a2d84a','Ana Paula Souza','345.678.901-22','34567890122','(31) 99654-3210');
INSERT INTO public.motoristas (id,nome,cpf,cnh,telefone) VALUES ('4cdf273e-9e14-49ea-b56d-00e5deea5fb9','Roberto Lima','456.789.012-33','45678901233','(81) 99543-2109');
INSERT INTO public.motoristas (id,nome,cpf,cnh,telefone) VALUES ('1f7c99bd-22b8-422c-8d24-43a32eabfa31','Fernanda Alves',NULL,'56789012344','(21) 99432-1098');
INSERT INTO public.motoristas (id,nome,cpf,cnh,telefone) VALUES ('1c641f2c-ce86-431d-82dc-bdbe1f4c5f73','Marcos Pereira','678.901.234-55','67890123455',NULL);
INSERT INTO public.motoristas (id,nome,cpf,cnh,telefone) VALUES ('fa68c9eb-e188-4cf5-b7da-ecb1f38c047e','Patrícia Gomes','789.012.345-66',NULL,'(51) 99210-9876');
INSERT INTO public.motoristas (id,nome,cpf,cnh,telefone) VALUES ('6219dde1-2e73-449a-97e7-433e660b9560','Eduardo Ramos','890.123.456-77','89012345677','(41) 99109-8765');
INSERT INTO public.motoristas (id,nome,cpf,cnh,telefone) VALUES ('c4f1a901-dc4b-4fdb-84c4-8e98b9178822','Larissa Cardoso','901.234.567-88','90123456788','(62) 99098-7654');
INSERT INTO public.motoristas (id,nome,cpf,cnh,telefone) VALUES ('9f9f4ee0-b844-4c29-84b5-12f39ea045ce','Thiago Barbosa','012.345.678-99','01234567899','(71) 98987-6543');
INSERT INTO public.motoristas (id,nome,cpf,cnh,telefone) VALUES ('acd5d549-b8bb-423e-b9ef-4f1f657bcc06','Beatriz Nogueira','112.233.445-56','11223344556','(85) 98876-5432');
INSERT INTO public.motoristas (id,nome,cpf,cnh,telefone) VALUES ('e0020384-b123-4f74-89b6-7692ba347780','Rafael Moreira',NULL,NULL,'(48) 98765-4321');
INSERT INTO public.veiculos (id,placa,tipo,capacidade_kg,ocupacao_percent) VALUES ('a754fd1f-20c1-4bbb-8323-cf3c493d7fb9','PQR-2345','Carreta',25000,80);
INSERT INTO public.veiculos (id,placa,tipo,capacidade_kg,ocupacao_percent) VALUES ('0b4380ee-a33a-4435-a631-e78f544a8e5c','ABC-1234','Truck',12000,65);
INSERT INTO public.veiculos (id,placa,tipo,capacidade_kg,ocupacao_percent) VALUES ('38006ed7-229b-4ee2-9b2e-888917694739','DEF-5678','Van',3500,40);
INSERT INTO public.veiculos (id,placa,tipo,capacidade_kg,ocupacao_percent) VALUES ('888a4667-f7c9-4ca3-9e3f-73f86533118a','GHI-9012','Bitrem',37000,90);
INSERT INTO public.veiculos (id,placa,tipo,capacidade_kg,ocupacao_percent) VALUES ('46cfa2ed-17be-45ce-b9a0-26239ea694f7','JKL-3456','Carreta',28000,75);
INSERT INTO public.veiculos (id,placa,tipo,capacidade_kg,ocupacao_percent) VALUES ('31fe2962-4700-4534-96f5-95e9c0de830f','MNO-7890','Truck',14000,NULL);
INSERT INTO public.veiculos (id,placa,tipo,capacidade_kg,ocupacao_percent) VALUES ('e7ab2bd6-fda6-4b3f-bb3d-09ee03b6a839','RST-6789',NULL,18000,55);
INSERT INTO public.veiculos (id,placa,tipo,capacidade_kg,ocupacao_percent) VALUES ('06ba3387-c506-4eaf-805e-63960542e02e','UVW-0123','Van',NULL,30);
INSERT INTO public.veiculos (id,placa,tipo,capacidade_kg,ocupacao_percent) VALUES ('bd35bcc7-804e-450e-b46e-a1b68ac3d32b','XYZ-4567','Bitrem',36000,85);
INSERT INTO public.veiculos (id,placa,tipo,capacidade_kg,ocupacao_percent) VALUES ('4dd28cb3-ca37-4160-bd1f-57b2b0e635d6','BCD-8901','Carreta',26000,70);
INSERT INTO public.veiculos (id,placa,tipo,capacidade_kg,ocupacao_percent) VALUES ('9efcded8-0030-4231-8547-e9ff3c389593','EFG-2345','Truck',13500,60);
INSERT INTO public.veiculos (id,placa,tipo,capacidade_kg,ocupacao_percent) VALUES ('dba6cb58-e5f6-49f0-a8f8-79cbe6c68eb9','HIJ-6789',NULL,NULL,NULL);
INSERT INTO public.cargas (codigo,data,motorista_id,veiculo_id,origem,destino,peso_kg,volume_m3,status,monitorada) VALUES ('CRG001000','2026-11-24','e0020384-b123-4f74-89b6-7692ba347780','888a4667-f7c9-4ca3-9e3f-73f86533118a','Belo Horizonte - MG',NULL,17815.0,7.7,'pendente'::carga_status,false);
INSERT INTO public.cargas (codigo,data,motorista_id,veiculo_id,origem,destino,peso_kg,volume_m3,status,monitorada) VALUES ('CRG001001','2026-04-30','dc8828a4-072d-429b-996c-fe8f34e6b4e3','dba6cb58-e5f6-49f0-a8f8-79cbe6c68eb9','Goiânia - GO','Florianópolis - SC',19185.0,5.6,'monitorada'::carga_status,true);
INSERT INTO public.cargas (codigo,data,motorista_id,veiculo_id,origem,destino,peso_kg,volume_m3,status,monitorada) VALUES ('CRG001002','2026-12-24','1f7c99bd-22b8-422c-8d24-43a32eabfa31','31fe2962-4700-4534-96f5-95e9c0de830f','Rio de Janeiro - RJ','Belo Horizonte - MG',11531.0,8.7,'pendente'::carga_status,false);
INSERT INTO public.cargas (codigo,data,motorista_id,veiculo_id,origem,destino,peso_kg,volume_m3,status,monitorada) VALUES ('CRG001003','2026-03-05','fa68c9eb-e188-4cf5-b7da-ecb1f38c047e','46cfa2ed-17be-45ce-b9a0-26239ea694f7','Goiânia - GO','Belém - PA',6799.0,NULL,'monitorada'::carga_status,true);
INSERT INTO public.cargas (codigo,data,motorista_id,veiculo_id,origem,destino,peso_kg,volume_m3,status,monitorada) VALUES ('CRG001004','2026-05-29','4cdf273e-9e14-49ea-b56d-00e5deea5fb9','e7ab2bd6-fda6-4b3f-bb3d-09ee03b6a839','Porto Alegre - RS','Manaus - AM',12350.0,27.7,'monitorada'::carga_status,true);
INSERT INTO public.cargas (codigo,data,motorista_id,veiculo_id,origem,destino,peso_kg,volume_m3,status,monitorada) VALUES ('CRG001005','2026-11-28','acd5d549-b8bb-423e-b9ef-4f1f657bcc06','dba6cb58-e5f6-49f0-a8f8-79cbe6c68eb9','Curitiba - PR','Belo Horizonte - MG',29672.0,23.7,'pendente'::carga_status,false);
INSERT INTO public.cargas (codigo,data,motorista_id,veiculo_id,origem,destino,peso_kg,volume_m3,status,monitorada) VALUES ('CRG001006','2026-01-29','dc8828a4-072d-429b-996c-fe8f34e6b4e3','e7ab2bd6-fda6-4b3f-bb3d-09ee03b6a839','Porto Alegre - RS','Rio de Janeiro - RJ',28143.0,60.7,'entregue'::carga_status,true);
INSERT INTO public.cargas (codigo,data,motorista_id,veiculo_id,origem,destino,peso_kg,volume_m3,status,monitorada) VALUES ('CRG001007','2026-11-26','1f7c99bd-22b8-422c-8d24-43a32eabfa31','dba6cb58-e5f6-49f0-a8f8-79cbe6c68eb9','Manaus - AM','Belém - PA',28812.0,23.6,'monitorada'::carga_status,true);
INSERT INTO public.cargas (codigo,data,motorista_id,veiculo_id,origem,destino,peso_kg,volume_m3,status,monitorada) VALUES ('CRG001008','2026-09-18','dc8828a4-072d-429b-996c-fe8f34e6b4e3','38006ed7-229b-4ee2-9b2e-888917694739','Goiânia - GO','Belo Horizonte - MG',2782.0,89.7,'pendente'::carga_status,false);
INSERT INTO public.cargas (codigo,data,motorista_id,veiculo_id,origem,destino,peso_kg,volume_m3,status,monitorada) VALUES ('CRG001009','2026-10-11','dc8828a4-072d-429b-996c-fe8f34e6b4e3','0b4380ee-a33a-4435-a631-e78f544a8e5c','Goiânia - GO','Manaus - AM',11413.0,18.4,'pendente'::carga_status,false);
INSERT INTO public.cargas (codigo,data,motorista_id,veiculo_id,origem,destino,peso_kg,volume_m3,status,monitorada) VALUES ('CRG001010','2026-05-15','c372def2-43d9-4715-9cc7-c486d6a2d84a','0b4380ee-a33a-4435-a631-e78f544a8e5c','Goiânia - GO','Porto Alegre - RS',7006.0,18.7,'monitorada'::carga_status,true);
INSERT INTO public.cargas (codigo,data,motorista_id,veiculo_id,origem,destino,peso_kg,volume_m3,status,monitorada) VALUES ('CRG001011','2026-09-29','9f9f4ee0-b844-4c29-84b5-12f39ea045ce','a754fd1f-20c1-4bbb-8323-cf3c493d7fb9','Rio de Janeiro - RJ','Recife - PE',10394.0,NULL,'monitorada'::carga_status,true);
INSERT INTO public.cargas (codigo,data,motorista_id,veiculo_id,origem,destino,peso_kg,volume_m3,status,monitorada) VALUES ('CRG001012','2026-02-10','6219dde1-2e73-449a-97e7-433e660b9560','bd35bcc7-804e-450e-b46e-a1b68ac3d32b','Florianópolis - SC',NULL,17954.0,79.2,'entregue'::carga_status,true);
INSERT INTO public.cargas (codigo,data,motorista_id,veiculo_id,origem,destino,peso_kg,volume_m3,status,monitorada) VALUES ('CRG001013','2026-04-19','e0020384-b123-4f74-89b6-7692ba347780','dba6cb58-e5f6-49f0-a8f8-79cbe6c68eb9','Porto Alegre - RS','Fortaleza - CE',14469.0,15.3,'entregue'::carga_status,true);
INSERT INTO public.cargas (codigo,data,motorista_id,veiculo_id,origem,destino,peso_kg,volume_m3,status,monitorada) VALUES ('CRG001014','2026-06-23',NULL,'4dd28cb3-ca37-4160-bd1f-57b2b0e635d6',NULL,'São Paulo - SP',7943.0,78.1,'pendente'::carga_status,false);
INSERT INTO public.cargas (codigo,data,motorista_id,veiculo_id,origem,destino,peso_kg,volume_m3,status,monitorada) VALUES ('CRG001015','2026-05-02','6219dde1-2e73-449a-97e7-433e660b9560','38006ed7-229b-4ee2-9b2e-888917694739','Brasília - DF','Belém - PA',15557.0,13.0,'em_transito'::carga_status,false);
INSERT INTO public.cargas (codigo,data,motorista_id,veiculo_id,origem,destino,peso_kg,volume_m3,status,monitorada) VALUES ('CRG001016','2026-07-01','6219dde1-2e73-449a-97e7-433e660b9560','a754fd1f-20c1-4bbb-8323-cf3c493d7fb9','Goiânia - GO','Brasília - DF',13362.0,78.2,'pendente'::carga_status,false);
INSERT INTO public.cargas (codigo,data,motorista_id,veiculo_id,origem,destino,peso_kg,volume_m3,status,monitorada) VALUES ('CRG001017','2026-04-08','c372def2-43d9-4715-9cc7-c486d6a2d84a','46cfa2ed-17be-45ce-b9a0-26239ea694f7','Fortaleza - CE','Curitiba - PR',NULL,77.8,'entregue'::carga_status,true);
INSERT INTO public.cargas (codigo,data,motorista_id,veiculo_id,origem,destino,peso_kg,volume_m3,status,monitorada) VALUES ('CRG001018','2026-11-30','dc8828a4-072d-429b-996c-fe8f34e6b4e3','888a4667-f7c9-4ca3-9e3f-73f86533118a','Belo Horizonte - MG','Fortaleza - CE',13312.0,NULL,'pendente'::carga_status,false);
INSERT INTO public.cargas (codigo,data,motorista_id,veiculo_id,origem,destino,peso_kg,volume_m3,status,monitorada) VALUES ('CRG001019','2026-07-19','6219dde1-2e73-449a-97e7-433e660b9560','dba6cb58-e5f6-49f0-a8f8-79cbe6c68eb9','Brasília - DF','Manaus - AM',6725.0,10.0,'em_transito'::carga_status,false);
INSERT INTO public.cargas (codigo,data,motorista_id,veiculo_id,origem,destino,peso_kg,volume_m3,status,monitorada) VALUES ('CRG001020','2026-02-01','dc8828a4-072d-429b-996c-fe8f34e6b4e3','06ba3387-c506-4eaf-805e-63960542e02e','Manaus - AM',NULL,3299.0,55.6,'monitorada'::carga_status,true);
INSERT INTO public.cargas (codigo,data,motorista_id,veiculo_id,origem,destino,peso_kg,volume_m3,status,monitorada) VALUES ('CRG001021','2026-05-01','9f9f4ee0-b844-4c29-84b5-12f39ea045ce','4dd28cb3-ca37-4160-bd1f-57b2b0e635d6',NULL,'Goiânia - GO',18435.0,27.2,'monitorada'::carga_status,true);
INSERT INTO public.cargas (codigo,data,motorista_id,veiculo_id,origem,destino,peso_kg,volume_m3,status,monitorada) VALUES ('CRG001022','2026-06-10','fa68c9eb-e188-4cf5-b7da-ecb1f38c047e','9efcded8-0030-4231-8547-e9ff3c389593','Porto Alegre - RS','Manaus - AM',3063.0,89.9,'monitorada'::carga_status,true);
INSERT INTO public.cargas (codigo,data,motorista_id,veiculo_id,origem,destino,peso_kg,volume_m3,status,monitorada) VALUES ('CRG001023','2026-02-07','c4f1a901-dc4b-4fdb-84c4-8e98b9178822','31fe2962-4700-4534-96f5-95e9c0de830f','Rio de Janeiro - RJ','Porto Alegre - RS',26813.0,57.0,'em_transito'::carga_status,false);
INSERT INTO public.cargas (codigo,data,motorista_id,veiculo_id,origem,destino,peso_kg,volume_m3,status,monitorada) VALUES ('CRG001024','2026-12-01','acd5d549-b8bb-423e-b9ef-4f1f657bcc06','46cfa2ed-17be-45ce-b9a0-26239ea694f7','Goiânia - GO','Rio de Janeiro - RJ',4401.0,52.0,'pendente'::carga_status,false);
INSERT INTO public.cargas (codigo,data,motorista_id,veiculo_id,origem,destino,peso_kg,volume_m3,status,monitorada) VALUES ('CRG001025','2026-11-06','1c641f2c-ce86-431d-82dc-bdbe1f4c5f73','9efcded8-0030-4231-8547-e9ff3c389593','Porto Alegre - RS','Belém - PA',27198.0,41.0,'pendente'::carga_status,false);
INSERT INTO public.cargas (codigo,data,motorista_id,veiculo_id,origem,destino,peso_kg,volume_m3,status,monitorada) VALUES ('CRG001026','2026-01-02','c372def2-43d9-4715-9cc7-c486d6a2d84a','46cfa2ed-17be-45ce-b9a0-26239ea694f7','Belo Horizonte - MG','Florianópolis - SC',18300.0,85.3,'monitorada'::carga_status,true);
INSERT INTO public.cargas (codigo,data,motorista_id,veiculo_id,origem,destino,peso_kg,volume_m3,status,monitorada) VALUES ('CRG001027','2026-03-18','1c641f2c-ce86-431d-82dc-bdbe1f4c5f73','38006ed7-229b-4ee2-9b2e-888917694739',NULL,'Belo Horizonte - MG',29912.0,8.4,'entregue'::carga_status,true);
INSERT INTO public.cargas (codigo,data,motorista_id,veiculo_id,origem,destino,peso_kg,volume_m3,status,monitorada) VALUES ('CRG001028','2026-12-16','a9e878cd-fa1b-4d94-a3c5-5be2013baf51','bd35bcc7-804e-450e-b46e-a1b68ac3d32b','Recife - PE','Goiânia - GO',8186.0,73.0,'pendente'::carga_status,false);
INSERT INTO public.cargas (codigo,data,motorista_id,veiculo_id,origem,destino,peso_kg,volume_m3,status,monitorada) VALUES ('CRG001029','2026-07-31',NULL,'31fe2962-4700-4534-96f5-95e9c0de830f','Florianópolis - SC','Recife - PE',26095.0,71.9,'pendente'::carga_status,false);
INSERT INTO public.cargas (codigo,data,motorista_id,veiculo_id,origem,destino,peso_kg,volume_m3,status,monitorada) VALUES ('CRG001030','2026-01-20','4cdf273e-9e14-49ea-b56d-00e5deea5fb9','06ba3387-c506-4eaf-805e-63960542e02e','Salvador - BA','Porto Alegre - RS',7755.0,38.9,'entregue'::carga_status,true);
INSERT INTO public.cargas (codigo,data,motorista_id,veiculo_id,origem,destino,peso_kg,volume_m3,status,monitorada) VALUES ('CRG001031','2026-02-05','1f7c99bd-22b8-422c-8d24-43a32eabfa31','bd35bcc7-804e-450e-b46e-a1b68ac3d32b','Recife - PE','Brasília - DF',30104.0,87.5,'entregue'::carga_status,true);
INSERT INTO public.cargas (codigo,data,motorista_id,veiculo_id,origem,destino,peso_kg,volume_m3,status,monitorada) VALUES ('CRG001032','2026-05-16',NULL,'31fe2962-4700-4534-96f5-95e9c0de830f','Brasília - DF','Salvador - BA',4408.0,21.2,'pendente'::carga_status,false);
INSERT INTO public.cargas (codigo,data,motorista_id,veiculo_id,origem,destino,peso_kg,volume_m3,status,monitorada) VALUES ('CRG001033','2026-08-12',NULL,'bd35bcc7-804e-450e-b46e-a1b68ac3d32b','Goiânia - GO','Florianópolis - SC',6947.0,85.7,'monitorada'::carga_status,true);
INSERT INTO public.cargas (codigo,data,motorista_id,veiculo_id,origem,destino,peso_kg,volume_m3,status,monitorada) VALUES ('CRG001034','2026-11-16','a9e878cd-fa1b-4d94-a3c5-5be2013baf51','46cfa2ed-17be-45ce-b9a0-26239ea694f7','Manaus - AM','Porto Alegre - RS',22553.0,21.3,'em_transito'::carga_status,false);
INSERT INTO public.cargas (codigo,data,motorista_id,veiculo_id,origem,destino,peso_kg,volume_m3,status,monitorada) VALUES ('CRG001035','2026-07-14','c372def2-43d9-4715-9cc7-c486d6a2d84a','46cfa2ed-17be-45ce-b9a0-26239ea694f7','Recife - PE','Belém - PA',7358.0,56.6,'pendente'::carga_status,false);
INSERT INTO public.cargas (codigo,data,motorista_id,veiculo_id,origem,destino,peso_kg,volume_m3,status,monitorada) VALUES ('CRG001036','2026-08-15','4cdf273e-9e14-49ea-b56d-00e5deea5fb9','dba6cb58-e5f6-49f0-a8f8-79cbe6c68eb9',NULL,'Brasília - DF',20548.0,74.6,'em_transito'::carga_status,false);
INSERT INTO public.cargas (codigo,data,motorista_id,veiculo_id,origem,destino,peso_kg,volume_m3,status,monitorada) VALUES ('CRG001037','2026-12-11','4cdf273e-9e14-49ea-b56d-00e5deea5fb9','a754fd1f-20c1-4bbb-8323-cf3c493d7fb9','Curitiba - PR','Manaus - AM',15009.0,53.9,'em_transito'::carga_status,false);
INSERT INTO public.cargas (codigo,data,motorista_id,veiculo_id,origem,destino,peso_kg,volume_m3,status,monitorada) VALUES ('CRG001038','2026-07-16','4cdf273e-9e14-49ea-b56d-00e5deea5fb9','dba6cb58-e5f6-49f0-a8f8-79cbe6c68eb9','São Paulo - SP','Belo Horizonte - MG',25888.0,44.5,'pendente'::carga_status,false);
INSERT INTO public.cargas (codigo,data,motorista_id,veiculo_id,origem,destino,peso_kg,volume_m3,status,monitorada) VALUES ('CRG001039','2026-03-04','6219dde1-2e73-449a-97e7-433e660b9560','bd35bcc7-804e-450e-b46e-a1b68ac3d32b','Belém - PA','Salvador - BA',19915.0,47.9,'monitorada'::carga_status,true);
INSERT INTO public.cargas (codigo,data,motorista_id,veiculo_id,origem,destino,peso_kg,volume_m3,status,monitorada) VALUES ('CRG001040','2026-10-08','c372def2-43d9-4715-9cc7-c486d6a2d84a','06ba3387-c506-4eaf-805e-63960542e02e','Fortaleza - CE','Porto Alegre - RS',9452.0,46.2,'pendente'::carga_status,false);
INSERT INTO public.cargas (codigo,data,motorista_id,veiculo_id,origem,destino,peso_kg,volume_m3,status,monitorada) VALUES ('CRG001041','2026-08-14','1f7c99bd-22b8-422c-8d24-43a32eabfa31','31fe2962-4700-4534-96f5-95e9c0de830f',NULL,'Belém - PA',12751.0,23.2,'pendente'::carga_status,false);
INSERT INTO public.cargas (codigo,data,motorista_id,veiculo_id,origem,destino,peso_kg,volume_m3,status,monitorada) VALUES ('CRG001042','2026-06-19','fa68c9eb-e188-4cf5-b7da-ecb1f38c047e','e7ab2bd6-fda6-4b3f-bb3d-09ee03b6a839','Recife - PE','Goiânia - GO',NULL,53.9,'pendente'::carga_status,false);
INSERT INTO public.cargas (codigo,data,motorista_id,veiculo_id,origem,destino,peso_kg,volume_m3,status,monitorada) VALUES ('CRG001043','2026-06-30','fa68c9eb-e188-4cf5-b7da-ecb1f38c047e','e7ab2bd6-fda6-4b3f-bb3d-09ee03b6a839','Manaus - AM','Florianópolis - SC',28812.0,28.2,'pendente'::carga_status,false);
INSERT INTO public.cargas (codigo,data,motorista_id,veiculo_id,origem,destino,peso_kg,volume_m3,status,monitorada) VALUES ('CRG001044','2026-07-19','acd5d549-b8bb-423e-b9ef-4f1f657bcc06','dba6cb58-e5f6-49f0-a8f8-79cbe6c68eb9','Belo Horizonte - MG','Manaus - AM',17465.0,55.3,'em_transito'::carga_status,false);
INSERT INTO public.cargas (codigo,data,motorista_id,veiculo_id,origem,destino,peso_kg,volume_m3,status,monitorada) VALUES ('CRG001045','2026-02-12','c372def2-43d9-4715-9cc7-c486d6a2d84a','38006ed7-229b-4ee2-9b2e-888917694739','São Paulo - SP','Salvador - BA',10998.0,37.2,'monitorada'::carga_status,true);
INSERT INTO public.cargas (codigo,data,motorista_id,veiculo_id,origem,destino,peso_kg,volume_m3,status,monitorada) VALUES ('CRG001046','2026-08-04','a9e878cd-fa1b-4d94-a3c5-5be2013baf51','dba6cb58-e5f6-49f0-a8f8-79cbe6c68eb9','Manaus - AM','São Paulo - SP',21084.0,60.4,'em_transito'::carga_status,false);
INSERT INTO public.cargas (codigo,data,motorista_id,veiculo_id,origem,destino,peso_kg,volume_m3,status,monitorada) VALUES ('CRG001047','2026-05-07','dc8828a4-072d-429b-996c-fe8f34e6b4e3','888a4667-f7c9-4ca3-9e3f-73f86533118a','Belo Horizonte - MG','Manaus - AM',7600.0,70.2,'pendente'::carga_status,false);
INSERT INTO public.cargas (codigo,data,motorista_id,veiculo_id,origem,destino,peso_kg,volume_m3,status,monitorada) VALUES ('CRG001048','2026-11-07','e0020384-b123-4f74-89b6-7692ba347780','38006ed7-229b-4ee2-9b2e-888917694739','Porto Alegre - RS','Rio de Janeiro - RJ',18765.0,36.9,'monitorada'::carga_status,true);
INSERT INTO public.cargas (codigo,data,motorista_id,veiculo_id,origem,destino,peso_kg,volume_m3,status,monitorada) VALUES ('CRG001049','2026-04-12','e0020384-b123-4f74-89b6-7692ba347780','888a4667-f7c9-4ca3-9e3f-73f86533118a','Rio de Janeiro - RJ','Florianópolis - SC',19533.0,88.6,'monitorada'::carga_status,true);
INSERT INTO public.cargas (codigo,data,motorista_id,veiculo_id,origem,destino,peso_kg,volume_m3,status,monitorada) VALUES ('CRG001050','2026-06-27','acd5d549-b8bb-423e-b9ef-4f1f657bcc06','bd35bcc7-804e-450e-b46e-a1b68ac3d32b',NULL,'Salvador - BA',16094.0,35.8,'monitorada'::carga_status,true);
INSERT INTO public.cargas (codigo,data,motorista_id,veiculo_id,origem,destino,peso_kg,volume_m3,status,monitorada) VALUES ('CRG001051','2026-08-24','fa68c9eb-e188-4cf5-b7da-ecb1f38c047e','bd35bcc7-804e-450e-b46e-a1b68ac3d32b','Goiânia - GO','Porto Alegre - RS',24969.0,75.2,'pendente'::carga_status,false);
INSERT INTO public.cargas (codigo,data,motorista_id,veiculo_id,origem,destino,peso_kg,volume_m3,status,monitorada) VALUES ('CRG001052','2026-06-15','a9e878cd-fa1b-4d94-a3c5-5be2013baf51','06ba3387-c506-4eaf-805e-63960542e02e','Curitiba - PR','Manaus - AM',11296.0,32.6,'pendente'::carga_status,false);
INSERT INTO public.cargas (codigo,data,motorista_id,veiculo_id,origem,destino,peso_kg,volume_m3,status,monitorada) VALUES ('CRG001053','2026-07-01','1c641f2c-ce86-431d-82dc-bdbe1f4c5f73','4dd28cb3-ca37-4160-bd1f-57b2b0e635d6','Brasília - DF','Porto Alegre - RS',6761.0,39.5,'pendente'::carga_status,false);
INSERT INTO public.cargas (codigo,data,motorista_id,veiculo_id,origem,destino,peso_kg,volume_m3,status,monitorada) VALUES ('CRG001054','2026-05-04','acd5d549-b8bb-423e-b9ef-4f1f657bcc06','06ba3387-c506-4eaf-805e-63960542e02e',NULL,'São Paulo - SP',22384.0,54.4,'pendente'::carga_status,false);
INSERT INTO public.cargas (codigo,data,motorista_id,veiculo_id,origem,destino,peso_kg,volume_m3,status,monitorada) VALUES ('CRG001055','2026-09-29','e0020384-b123-4f74-89b6-7692ba347780','31fe2962-4700-4534-96f5-95e9c0de830f','Brasília - DF','Fortaleza - CE',4564.0,15.2,'pendente'::carga_status,false);
INSERT INTO public.cargas (codigo,data,motorista_id,veiculo_id,origem,destino,peso_kg,volume_m3,status,monitorada) VALUES ('CRG001056','2026-12-20','4cdf273e-9e14-49ea-b56d-00e5deea5fb9','46cfa2ed-17be-45ce-b9a0-26239ea694f7','Brasília - DF','Belém - PA',9630.0,21.5,'pendente'::carga_status,false);
INSERT INTO public.cargas (codigo,data,motorista_id,veiculo_id,origem,destino,peso_kg,volume_m3,status,monitorada) VALUES ('CRG001057','2026-04-02','e0020384-b123-4f74-89b6-7692ba347780','46cfa2ed-17be-45ce-b9a0-26239ea694f7','São Paulo - SP','Rio de Janeiro - RJ',4740.0,46.7,'em_transito'::carga_status,false);
INSERT INTO public.cargas (codigo,data,motorista_id,veiculo_id,origem,destino,peso_kg,volume_m3,status,monitorada) VALUES ('CRG001058','2026-10-21','6219dde1-2e73-449a-97e7-433e660b9560','38006ed7-229b-4ee2-9b2e-888917694739','São Paulo - SP','Salvador - BA',26450.0,11.3,'em_transito'::carga_status,false);
INSERT INTO public.cargas (codigo,data,motorista_id,veiculo_id,origem,destino,peso_kg,volume_m3,status,monitorada) VALUES ('CRG001059','2026-01-28','9f9f4ee0-b844-4c29-84b5-12f39ea045ce','0b4380ee-a33a-4435-a631-e78f544a8e5c','Curitiba - PR','Rio de Janeiro - RJ',19399.0,70.9,'entregue'::carga_status,true);
INSERT INTO public.cargas (codigo,data,motorista_id,veiculo_id,origem,destino,peso_kg,volume_m3,status,monitorada) VALUES ('CRG001060','2026-08-15','9f9f4ee0-b844-4c29-84b5-12f39ea045ce','46cfa2ed-17be-45ce-b9a0-26239ea694f7',NULL,'Goiânia - GO',3896.0,58.2,'pendente'::carga_status,false);
INSERT INTO public.cargas (codigo,data,motorista_id,veiculo_id,origem,destino,peso_kg,volume_m3,status,monitorada) VALUES ('CRG001061','2026-02-11','c372def2-43d9-4715-9cc7-c486d6a2d84a','38006ed7-229b-4ee2-9b2e-888917694739','São Paulo - SP','Fortaleza - CE',9887.0,65.1,'monitorada'::carga_status,true);
INSERT INTO public.cargas (codigo,data,motorista_id,veiculo_id,origem,destino,peso_kg,volume_m3,status,monitorada) VALUES ('CRG001062','2026-08-21','4cdf273e-9e14-49ea-b56d-00e5deea5fb9','9efcded8-0030-4231-8547-e9ff3c389593','Belém - PA','Brasília - DF',4381.0,17.7,'pendente'::carga_status,false);
INSERT INTO public.cargas (codigo,data,motorista_id,veiculo_id,origem,destino,peso_kg,volume_m3,status,monitorada) VALUES ('CRG001063','2026-03-14','c372def2-43d9-4715-9cc7-c486d6a2d84a','4dd28cb3-ca37-4160-bd1f-57b2b0e635d6','Brasília - DF','Belém - PA',15423.0,39.2,'entregue'::carga_status,true);
INSERT INTO public.cargas (codigo,data,motorista_id,veiculo_id,origem,destino,peso_kg,volume_m3,status,monitorada) VALUES ('CRG001064','2026-10-04','a9e878cd-fa1b-4d94-a3c5-5be2013baf51','e7ab2bd6-fda6-4b3f-bb3d-09ee03b6a839','Brasília - DF','Salvador - BA',NULL,62.3,'monitorada'::carga_status,true);
INSERT INTO public.cargas (codigo,data,motorista_id,veiculo_id,origem,destino,peso_kg,volume_m3,status,monitorada) VALUES ('CRG001065','2026-10-28','acd5d549-b8bb-423e-b9ef-4f1f657bcc06','4dd28cb3-ca37-4160-bd1f-57b2b0e635d6','São Paulo - SP','Curitiba - PR',29381.0,54.8,'em_transito'::carga_status,false);
INSERT INTO public.cargas (codigo,data,motorista_id,veiculo_id,origem,destino,peso_kg,volume_m3,status,monitorada) VALUES ('CRG001066','2026-09-09','6219dde1-2e73-449a-97e7-433e660b9560','31fe2962-4700-4534-96f5-95e9c0de830f','Salvador - BA',NULL,13643.0,61.3,'pendente'::carga_status,false);
INSERT INTO public.cargas (codigo,data,motorista_id,veiculo_id,origem,destino,peso_kg,volume_m3,status,monitorada) VALUES ('CRG001067','2026-10-09',NULL,'46cfa2ed-17be-45ce-b9a0-26239ea694f7','Salvador - BA','Rio de Janeiro - RJ',16855.0,60.9,'pendente'::carga_status,false);
INSERT INTO public.cargas (codigo,data,motorista_id,veiculo_id,origem,destino,peso_kg,volume_m3,status,monitorada) VALUES ('CRG001068','2026-07-31','c4f1a901-dc4b-4fdb-84c4-8e98b9178822','06ba3387-c506-4eaf-805e-63960542e02e','Goiânia - GO','Fortaleza - CE',17936.0,42.2,'em_transito'::carga_status,false);
INSERT INTO public.cargas (codigo,data,motorista_id,veiculo_id,origem,destino,peso_kg,volume_m3,status,monitorada) VALUES ('CRG001069','2026-03-04',NULL,'888a4667-f7c9-4ca3-9e3f-73f86533118a','Brasília - DF','Belo Horizonte - MG',NULL,24.1,'monitorada'::carga_status,true);
INSERT INTO public.cargas (codigo,data,motorista_id,veiculo_id,origem,destino,peso_kg,volume_m3,status,monitorada) VALUES ('CRG001070','2026-02-28','a9e878cd-fa1b-4d94-a3c5-5be2013baf51','38006ed7-229b-4ee2-9b2e-888917694739','Fortaleza - CE','Florianópolis - SC',13763.0,45.1,'entregue'::carga_status,true);
INSERT INTO public.cargas (codigo,data,motorista_id,veiculo_id,origem,destino,peso_kg,volume_m3,status,monitorada) VALUES ('CRG001071','2026-03-16','9f9f4ee0-b844-4c29-84b5-12f39ea045ce','38006ed7-229b-4ee2-9b2e-888917694739','Rio de Janeiro - RJ','Salvador - BA',11404.0,27.7,'entregue'::carga_status,true);
INSERT INTO public.cargas (codigo,data,motorista_id,veiculo_id,origem,destino,peso_kg,volume_m3,status,monitorada) VALUES ('CRG001072','2026-06-02','9f9f4ee0-b844-4c29-84b5-12f39ea045ce','06ba3387-c506-4eaf-805e-63960542e02e','Belo Horizonte - MG','Manaus - AM',18020.0,43.7,'pendente'::carga_status,false);
INSERT INTO public.cargas (codigo,data,motorista_id,veiculo_id,origem,destino,peso_kg,volume_m3,status,monitorada) VALUES ('CRG001073','2026-04-07','4cdf273e-9e14-49ea-b56d-00e5deea5fb9','888a4667-f7c9-4ca3-9e3f-73f86533118a',NULL,'Recife - PE',22803.0,37.8,'monitorada'::carga_status,true);
INSERT INTO public.cargas (codigo,data,motorista_id,veiculo_id,origem,destino,peso_kg,volume_m3,status,monitorada) VALUES ('CRG001074','2026-11-30','6219dde1-2e73-449a-97e7-433e660b9560','38006ed7-229b-4ee2-9b2e-888917694739','Manaus - AM','Goiânia - GO',27165.0,82.4,'pendente'::carga_status,false);
INSERT INTO public.cargas (codigo,data,motorista_id,veiculo_id,origem,destino,peso_kg,volume_m3,status,monitorada) VALUES ('CRG001075','2026-03-15','acd5d549-b8bb-423e-b9ef-4f1f657bcc06','0b4380ee-a33a-4435-a631-e78f544a8e5c','Fortaleza - CE','Porto Alegre - RS',21075.0,77.4,'em_transito'::carga_status,false);
INSERT INTO public.cargas (codigo,data,motorista_id,veiculo_id,origem,destino,peso_kg,volume_m3,status,monitorada) VALUES ('CRG001076','2026-07-14','acd5d549-b8bb-423e-b9ef-4f1f657bcc06','06ba3387-c506-4eaf-805e-63960542e02e','Manaus - AM','São Paulo - SP',22153.0,24.3,'pendente'::carga_status,false);
INSERT INTO public.cargas (codigo,data,motorista_id,veiculo_id,origem,destino,peso_kg,volume_m3,status,monitorada) VALUES ('CRG001077','2026-02-20','e0020384-b123-4f74-89b6-7692ba347780','06ba3387-c506-4eaf-805e-63960542e02e','Belo Horizonte - MG','Florianópolis - SC',NULL,9.8,'entregue'::carga_status,true);
INSERT INTO public.cargas (codigo,data,motorista_id,veiculo_id,origem,destino,peso_kg,volume_m3,status,monitorada) VALUES ('CRG001078','2026-08-09','c4f1a901-dc4b-4fdb-84c4-8e98b9178822','9efcded8-0030-4231-8547-e9ff3c389593','Florianópolis - SC',NULL,NULL,57.7,'pendente'::carga_status,false);
INSERT INTO public.cargas (codigo,data,motorista_id,veiculo_id,origem,destino,peso_kg,volume_m3,status,monitorada) VALUES ('CRG001079','2026-10-26','6219dde1-2e73-449a-97e7-433e660b9560','06ba3387-c506-4eaf-805e-63960542e02e',NULL,'Brasília - DF',28918.0,18.4,'pendente'::carga_status,false);
INSERT INTO public.cargas (codigo,data,motorista_id,veiculo_id,origem,destino,peso_kg,volume_m3,status,monitorada) VALUES ('CRG001080','2026-06-26','1f7c99bd-22b8-422c-8d24-43a32eabfa31','e7ab2bd6-fda6-4b3f-bb3d-09ee03b6a839','Brasília - DF','Porto Alegre - RS',31980.0,14.1,'pendente'::carga_status,false);
INSERT INTO public.cargas (codigo,data,motorista_id,veiculo_id,origem,destino,peso_kg,volume_m3,status,monitorada) VALUES ('CRG001081','2026-07-03','e0020384-b123-4f74-89b6-7692ba347780','9efcded8-0030-4231-8547-e9ff3c389593',NULL,'Porto Alegre - RS',25083.0,82.4,'em_transito'::carga_status,false);
INSERT INTO public.cargas (codigo,data,motorista_id,veiculo_id,origem,destino,peso_kg,volume_m3,status,monitorada) VALUES ('CRG001082','2026-05-27','4cdf273e-9e14-49ea-b56d-00e5deea5fb9','31fe2962-4700-4534-96f5-95e9c0de830f','Curitiba - PR','Brasília - DF',24374.0,62.9,'pendente'::carga_status,false);
INSERT INTO public.cargas (codigo,data,motorista_id,veiculo_id,origem,destino,peso_kg,volume_m3,status,monitorada) VALUES ('CRG001083','2026-02-19','acd5d549-b8bb-423e-b9ef-4f1f657bcc06',NULL,NULL,'Fortaleza - CE',4900.0,32.8,'entregue'::carga_status,true);
INSERT INTO public.cargas (codigo,data,motorista_id,veiculo_id,origem,destino,peso_kg,volume_m3,status,monitorada) VALUES ('CRG001084','2026-04-13','c4f1a901-dc4b-4fdb-84c4-8e98b9178822','31fe2962-4700-4534-96f5-95e9c0de830f','Manaus - AM','Belém - PA',8817.0,46.0,'monitorada'::carga_status,true);
INSERT INTO public.cargas (codigo,data,motorista_id,veiculo_id,origem,destino,peso_kg,volume_m3,status,monitorada) VALUES ('CRG001085','2026-06-23','6219dde1-2e73-449a-97e7-433e660b9560','38006ed7-229b-4ee2-9b2e-888917694739','Florianópolis - SC','Curitiba - PR',31374.0,73.4,'pendente'::carga_status,false);
INSERT INTO public.cargas (codigo,data,motorista_id,veiculo_id,origem,destino,peso_kg,volume_m3,status,monitorada) VALUES ('CRG001086','2026-07-22',NULL,'06ba3387-c506-4eaf-805e-63960542e02e','Salvador - BA','Brasília - DF',12688.0,36.6,'em_transito'::carga_status,false);
INSERT INTO public.cargas (codigo,data,motorista_id,veiculo_id,origem,destino,peso_kg,volume_m3,status,monitorada) VALUES ('CRG001087','2026-08-30',NULL,'bd35bcc7-804e-450e-b46e-a1b68ac3d32b','Salvador - BA','Goiânia - GO',NULL,82.3,'pendente'::carga_status,false);
INSERT INTO public.cargas (codigo,data,motorista_id,veiculo_id,origem,destino,peso_kg,volume_m3,status,monitorada) VALUES ('CRG001088','2026-07-29','dc8828a4-072d-429b-996c-fe8f34e6b4e3','46cfa2ed-17be-45ce-b9a0-26239ea694f7',NULL,'Rio de Janeiro - RJ',5033.0,62.0,'em_transito'::carga_status,false);
INSERT INTO public.cargas (codigo,data,motorista_id,veiculo_id,origem,destino,peso_kg,volume_m3,status,monitorada) VALUES ('CRG001089','2026-10-04','e0020384-b123-4f74-89b6-7692ba347780','e7ab2bd6-fda6-4b3f-bb3d-09ee03b6a839','Goiânia - GO','Rio de Janeiro - RJ',30098.0,63.7,'pendente'::carga_status,false);
INSERT INTO public.cargas (codigo,data,motorista_id,veiculo_id,origem,destino,peso_kg,volume_m3,status,monitorada) VALUES ('CRG001090','2026-08-16','1c641f2c-ce86-431d-82dc-bdbe1f4c5f73','9efcded8-0030-4231-8547-e9ff3c389593','Salvador - BA','Belém - PA',2689.0,87.3,'monitorada'::carga_status,true);
INSERT INTO public.cargas (codigo,data,motorista_id,veiculo_id,origem,destino,peso_kg,volume_m3,status,monitorada) VALUES ('CRG001091','2026-08-21','4cdf273e-9e14-49ea-b56d-00e5deea5fb9','4dd28cb3-ca37-4160-bd1f-57b2b0e635d6','São Paulo - SP','Rio de Janeiro - RJ',4729.0,10.8,'em_transito'::carga_status,false);
INSERT INTO public.cargas (codigo,data,motorista_id,veiculo_id,origem,destino,peso_kg,volume_m3,status,monitorada) VALUES ('CRG001092','2026-04-17','4cdf273e-9e14-49ea-b56d-00e5deea5fb9','38006ed7-229b-4ee2-9b2e-888917694739',NULL,'Belém - PA',5314.0,26.3,'entregue'::carga_status,true);
INSERT INTO public.cargas (codigo,data,motorista_id,veiculo_id,origem,destino,peso_kg,volume_m3,status,monitorada) VALUES ('CRG001093','2026-12-05','c372def2-43d9-4715-9cc7-c486d6a2d84a',NULL,'Florianópolis - SC','Curitiba - PR',NULL,15.8,'pendente'::carga_status,false);
INSERT INTO public.cargas (codigo,data,motorista_id,veiculo_id,origem,destino,peso_kg,volume_m3,status,monitorada) VALUES ('CRG001094','2026-02-28','6219dde1-2e73-449a-97e7-433e660b9560','31fe2962-4700-4534-96f5-95e9c0de830f','Manaus - AM',NULL,30297.0,NULL,'monitorada'::carga_status,true);
INSERT INTO public.cargas (codigo,data,motorista_id,veiculo_id,origem,destino,peso_kg,volume_m3,status,monitorada) VALUES ('CRG001095','2026-12-04','6219dde1-2e73-449a-97e7-433e660b9560','a754fd1f-20c1-4bbb-8323-cf3c493d7fb9','São Paulo - SP','Manaus - AM',4168.0,42.7,'monitorada'::carga_status,true);
INSERT INTO public.cargas (codigo,data,motorista_id,veiculo_id,origem,destino,peso_kg,volume_m3,status,monitorada) VALUES ('CRG001096','2026-06-14','a9e878cd-fa1b-4d94-a3c5-5be2013baf51','4dd28cb3-ca37-4160-bd1f-57b2b0e635d6','Goiânia - GO','Belém - PA',31832.0,43.6,'em_transito'::carga_status,false);
INSERT INTO public.cargas (codigo,data,motorista_id,veiculo_id,origem,destino,peso_kg,volume_m3,status,monitorada) VALUES ('CRG001097','2026-02-20','a9e878cd-fa1b-4d94-a3c5-5be2013baf51','9efcded8-0030-4231-8547-e9ff3c389593','Florianópolis - SC','Manaus - AM',14889.0,33.8,'entregue'::carga_status,true);
INSERT INTO public.cargas (codigo,data,motorista_id,veiculo_id,origem,destino,peso_kg,volume_m3,status,monitorada) VALUES ('CRG001098','2026-08-01','1c641f2c-ce86-431d-82dc-bdbe1f4c5f73','9efcded8-0030-4231-8547-e9ff3c389593','Porto Alegre - RS','Recife - PE',15597.0,12.3,'pendente'::carga_status,false);
INSERT INTO public.cargas (codigo,data,motorista_id,veiculo_id,origem,destino,peso_kg,volume_m3,status,monitorada) VALUES ('CRG001099','2026-07-10','c4f1a901-dc4b-4fdb-84c4-8e98b9178822','bd35bcc7-804e-450e-b46e-a1b68ac3d32b','Manaus - AM','Salvador - BA',28057.0,40.9,'monitorada'::carga_status,true);
INSERT INTO public.cargas (codigo,data,motorista_id,veiculo_id,origem,destino,peso_kg,volume_m3,status,monitorada) VALUES ('CRG001100','2026-01-27','9f9f4ee0-b844-4c29-84b5-12f39ea045ce','0b4380ee-a33a-4435-a631-e78f544a8e5c','Belém - PA','Manaus - AM',7796.0,76.9,'entregue'::carga_status,true);
INSERT INTO public.cargas (codigo,data,motorista_id,veiculo_id,origem,destino,peso_kg,volume_m3,status,monitorada) VALUES ('CRG001101','2026-05-23','fa68c9eb-e188-4cf5-b7da-ecb1f38c047e','4dd28cb3-ca37-4160-bd1f-57b2b0e635d6','Belém - PA','Brasília - DF',NULL,75.5,'pendente'::carga_status,false);
INSERT INTO public.cargas (codigo,data,motorista_id,veiculo_id,origem,destino,peso_kg,volume_m3,status,monitorada) VALUES ('CRG001102','2026-04-03','1f7c99bd-22b8-422c-8d24-43a32eabfa31','31fe2962-4700-4534-96f5-95e9c0de830f','São Paulo - SP','Curitiba - PR',13304.0,58.8,'entregue'::carga_status,true);
INSERT INTO public.cargas (codigo,data,motorista_id,veiculo_id,origem,destino,peso_kg,volume_m3,status,monitorada) VALUES ('CRG001103','2026-09-29','fa68c9eb-e188-4cf5-b7da-ecb1f38c047e','38006ed7-229b-4ee2-9b2e-888917694739','Salvador - BA','Porto Alegre - RS',18509.0,9.5,'pendente'::carga_status,false);
INSERT INTO public.cargas (codigo,data,motorista_id,veiculo_id,origem,destino,peso_kg,volume_m3,status,monitorada) VALUES ('CRG001104','2026-11-13',NULL,'06ba3387-c506-4eaf-805e-63960542e02e','Goiânia - GO','Recife - PE',9323.0,14.7,'pendente'::carga_status,false);
INSERT INTO public.cargas (codigo,data,motorista_id,veiculo_id,origem,destino,peso_kg,volume_m3,status,monitorada) VALUES ('CRG001105','2026-05-26','9f9f4ee0-b844-4c29-84b5-12f39ea045ce','9efcded8-0030-4231-8547-e9ff3c389593','Porto Alegre - RS','São Paulo - SP',2509.0,85.4,'em_transito'::carga_status,false);
INSERT INTO public.cargas (codigo,data,motorista_id,veiculo_id,origem,destino,peso_kg,volume_m3,status,monitorada) VALUES ('CRG001106','2026-05-11','a9e878cd-fa1b-4d94-a3c5-5be2013baf51',NULL,'Brasília - DF',NULL,22755.0,75.8,'em_transito'::carga_status,false);
INSERT INTO public.cargas (codigo,data,motorista_id,veiculo_id,origem,destino,peso_kg,volume_m3,status,monitorada) VALUES ('CRG001107','2026-02-06','e0020384-b123-4f74-89b6-7692ba347780',NULL,'São Paulo - SP','Manaus - AM',18764.0,65.3,'entregue'::carga_status,true);
INSERT INTO public.cargas (codigo,data,motorista_id,veiculo_id,origem,destino,peso_kg,volume_m3,status,monitorada) VALUES ('CRG001108','2026-02-28','1c641f2c-ce86-431d-82dc-bdbe1f4c5f73','4dd28cb3-ca37-4160-bd1f-57b2b0e635d6','Fortaleza - CE','Florianópolis - SC',27148.0,55.1,'entregue'::carga_status,true);
INSERT INTO public.cargas (codigo,data,motorista_id,veiculo_id,origem,destino,peso_kg,volume_m3,status,monitorada) VALUES ('CRG001109','2026-07-22','e0020384-b123-4f74-89b6-7692ba347780','31fe2962-4700-4534-96f5-95e9c0de830f',NULL,'Belo Horizonte - MG',17355.0,71.0,'pendente'::carga_status,false);
INSERT INTO public.cargas (codigo,data,motorista_id,veiculo_id,origem,destino,peso_kg,volume_m3,status,monitorada) VALUES ('CRG001110','2026-11-27','4cdf273e-9e14-49ea-b56d-00e5deea5fb9','46cfa2ed-17be-45ce-b9a0-26239ea694f7','Curitiba - PR','Belo Horizonte - MG',21252.0,70.7,'pendente'::carga_status,false);
INSERT INTO public.cargas (codigo,data,motorista_id,veiculo_id,origem,destino,peso_kg,volume_m3,status,monitorada) VALUES ('CRG001111','2026-10-16','6219dde1-2e73-449a-97e7-433e660b9560','4dd28cb3-ca37-4160-bd1f-57b2b0e635d6','Goiânia - GO','Brasília - DF',31094.0,42.4,'pendente'::carga_status,false);
INSERT INTO public.cargas (codigo,data,motorista_id,veiculo_id,origem,destino,peso_kg,volume_m3,status,monitorada) VALUES ('CRG001112','2026-11-20','1f7c99bd-22b8-422c-8d24-43a32eabfa31','31fe2962-4700-4534-96f5-95e9c0de830f','Manaus - AM','Rio de Janeiro - RJ',2575.0,11.5,'monitorada'::carga_status,true);
INSERT INTO public.cargas (codigo,data,motorista_id,veiculo_id,origem,destino,peso_kg,volume_m3,status,monitorada) VALUES ('CRG001113','2026-02-16','c4f1a901-dc4b-4fdb-84c4-8e98b9178822','4dd28cb3-ca37-4160-bd1f-57b2b0e635d6','Manaus - AM','Florianópolis - SC',26066.0,32.3,'entregue'::carga_status,true);
INSERT INTO public.cargas (codigo,data,motorista_id,veiculo_id,origem,destino,peso_kg,volume_m3,status,monitorada) VALUES ('CRG001114','2026-03-19','6219dde1-2e73-449a-97e7-433e660b9560','31fe2962-4700-4534-96f5-95e9c0de830f','Brasília - DF','Rio de Janeiro - RJ',8530.0,42.4,'entregue'::carga_status,true);
INSERT INTO public.cargas (codigo,data,motorista_id,veiculo_id,origem,destino,peso_kg,volume_m3,status,monitorada) VALUES ('CRG001115','2026-03-23','1f7c99bd-22b8-422c-8d24-43a32eabfa31','31fe2962-4700-4534-96f5-95e9c0de830f',NULL,'Belém - PA',11241.0,52.4,'entregue'::carga_status,true);
INSERT INTO public.cargas (codigo,data,motorista_id,veiculo_id,origem,destino,peso_kg,volume_m3,status,monitorada) VALUES ('CRG001116','2026-05-10','acd5d549-b8bb-423e-b9ef-4f1f657bcc06','4dd28cb3-ca37-4160-bd1f-57b2b0e635d6',NULL,'Recife - PE',29402.0,60.8,'em_transito'::carga_status,false);
INSERT INTO public.cargas (codigo,data,motorista_id,veiculo_id,origem,destino,peso_kg,volume_m3,status,monitorada) VALUES ('CRG001117','2026-03-08','a9e878cd-fa1b-4d94-a3c5-5be2013baf51','e7ab2bd6-fda6-4b3f-bb3d-09ee03b6a839','Goiânia - GO','Salvador - BA',26664.0,63.3,'entregue'::carga_status,true);
INSERT INTO public.cargas (codigo,data,motorista_id,veiculo_id,origem,destino,peso_kg,volume_m3,status,monitorada) VALUES ('CRG001118','2026-11-27','c4f1a901-dc4b-4fdb-84c4-8e98b9178822','31fe2962-4700-4534-96f5-95e9c0de830f','Porto Alegre - RS','Belo Horizonte - MG',24704.0,90.0,'pendente'::carga_status,false);
INSERT INTO public.cargas (codigo,data,motorista_id,veiculo_id,origem,destino,peso_kg,volume_m3,status,monitorada) VALUES ('CRG001119','2026-06-01','a9e878cd-fa1b-4d94-a3c5-5be2013baf51','bd35bcc7-804e-450e-b46e-a1b68ac3d32b',NULL,'Manaus - AM',24709.0,37.0,'pendente'::carga_status,false);